1.000000000000000000e+00,1.687368483799182783e+01,1.696265954235925051e+02,3.600566375313383105e+01,2.920971111070852499e-01,2.534423904684875197e+03
0.000000000000000000e+00,1.068540114680915032e+01,1.672514681114256518e+02,3.452460722734413423e+01,1.606082692064030315e+00,1.212841052773643469e+03
0.000000000000000000e+00,1.535243746749187288e+01,1.945447168438907966e+02,1.704669500288147077e+01,4.884835767476686241e-01,1.265231835429377043e+03
1.000000000000000000e+00,4.672497047722060159e+01,1.929731365490887072e+02,3.830915719049872337e+01,4.676812158657825513e+00,2.881617176515148003e+03
1.000000000000000000e+00,4.776446693310805358e+01,1.675099833158910201e+02,4.121423714875444944e+01,2.581266061184463112e+00,2.430137776780759850e+03
0.000000000000000000e+00,4.484949984262628675e+01,1.680940940608174117e+02,4.030401014781199365e+01,3.156525432264232656e+00,1.554614333776287367e+03
1.000000000000000000e+00,2.903801888308664303e+01,1.817717033110395448e+02,2.999622978989660993e+01,2.976202639969737884e+00,2.091309190752047016e+03
1.000000000000000000e+00,3.060156432583044150e+01,1.975971754217138709e+02,2.844801229898454764e+01,1.228056737260806441e+00,2.212431476880028640e+03
0.000000000000000000e+00,4.994248918814703586e+01,1.934263641727806657e+02,1.898294313252223020e+01,4.419957728770177674e+00,1.588319284936418399e+03
1.000000000000000000e+00,4.627474503886088542e+01,1.892290317287461505e+02,4.153751258401338475e+01,3.289634397609932925e+00,2.872932374198770503e+03
0.000000000000000000e+00,3.802240259711534520e+01,1.740328061137600173e+02,2.873981295752385989e+01,4.472953131161083729e-01,1.460488998563469750e+03
1.000000000000000000e+00,2.303065045826068058e+01,1.804700483536511513e+02,2.181437434060190128e+01,3.996376233005003442e+00,2.150731767068456975e+03
0.000000000000000000e+00,1.748329790035543851e+01,1.748188771109077493e+02,3.514633628018094669e+01,3.518609871122204247e+00,1.301514105731861946e+03
0.000000000000000000e+00,4.998733557586024290e+01,1.732101388235390118e+02,3.956756199241573313e+01,2.632162170181330474e+00,1.614575434218273131e+03
1.000000000000000000e+00,2.760955356595060195e+01,1.908927730482125185e+02,2.905137377508644647e+01,3.390212779192506964e+00,2.387319546346383959e+03
0.000000000000000000e+00,4.145171228778936978e+01,1.966898043521505315e+02,3.318201850195579539e+01,9.270787029631299969e-01,1.581376826097738785e+03
0.000000000000000000e+00,4.858172597461955178e+01,1.737168614981339374e+02,4.458053443122089732e+01,2.907335654243743850e+00,1.624770447664965104e+03
1.000000000000000000e+00,1.377150822393421592e+01,1.942519765344691223e+02,1.645081965417973180e+01,3.853320862177163075e+00,2.013569922872241932e+03
0.000000000000000000e+00,4.758635726353423223e+01,1.703876532750157651e+02,3.211970914673192112e+01,1.821189877674000979e-01,1.551710961308011065e+03
1.000000000000000000e+00,3.204225602073798029e+01,1.991087790802993140e+02,2.078371711266984789e+01,1.317341159906179726e+00,2.188883891982622572e+03
0.000000000000000000e+00,4.347663500602543962e+01,1.709322247589820734e+02,2.660881201062151291e+01,2.424262884707407029e+00,1.491892830453951092e+03
1.000000000000000000e+00,3.927052938873015364e+01,1.851524620397166814e+02,3.776387987568542570e+01,2.801911626970843727e+00,2.363035161975167739e+03
1.000000000000000000e+00,2.419940691773248886e+01,1.640171568167219505e+02,1.700788887722828591e+01,4.318153870655319970e+00,2.010132026628027234e+03
0.000000000000000000e+00,3.380858578972608797e+01,1.874480437899711660e+02,1.795052369380184487e+01,3.861795403377044078e-01,1.416915176897738547e+03
0.000000000000000000e+00,3.871904045285894824e+01,1.741093455542205390e+02,4.400694998573765560e+01,4.252946570100714752e+00,1.532784028323057782e+03
1.000000000000000000e+00,2.052381294616571239e+01,1.633856202422367687e+02,1.655099285061103132e+01,1.444656692415919430e+00,1.707709753598529915e+03
0.000000000000000000e+00,4.729178984450608425e+01,1.722093673867487666e+02,2.174775915509601987e+01,2.741129396039600596e+00,1.510048869835290134e+03
1.000000000000000000e+00,2.969036434622383425e+01,1.892917466770792316e+02,2.515255445316358163e+01,3.445702573899169785e+00,2.384180281342239141e+03
0.000000000000000000e+00,2.128217266907970284e+01,1.679500192880682903e+02,3.791444577263189331e+01,1.483589653062872271e+00,1.327073165170862012e+03
1.000000000000000000e+00,3.207308910413058811e+01,1.656372678927621109e+02,1.931614539314742274e+01,8.222734925007246787e-02,2.704270586380941495e+03
0.000000000000000000e+00,2.586526473181439911e+01,1.999134045177834196e+02,2.924343615945046082e+01,3.252406387205184490e+00,1.431038765023458154e+03
0.000000000000000000e+00,2.893404934382535032e+01,1.814397737366566332e+02,4.012952347463949820e+01,4.834483831911950968e-01,1.448813503487778689e+03
1.000000000000000000e+00,3.019864541371260458e+01,1.668675078111755852e+02,2.466296337633437119e+01,2.924333481676750779e+00,1.972526568763434398e+03
0.000000000000000000e+00,4.838347234095199667e+01,1.645941990402558588e+02,1.622001629859989080e+01,4.867346222387791244e+00,1.472716032645531186e+03
1.000000000000000000e+00,2.119580124063194759e+01,1.807439292858739748e+02,4.164706791415373743e+01,1.460860796718570942e+00,2.031346465922591960e+03
0.000000000000000000e+00,2.373492818456317011e+01,1.653663089690990944e+02,3.892125809940154824e+01,2.664079174693678720e+00,1.345958306929614992e+03
1.000000000000000000e+00,3.532688288321062231e+01,1.682387421495143940e+02,3.303435305823494161e+01,2.498522462381132847e+00,2.141675257403866908e+03
1.000000000000000000e+00,4.352519041565923175e+01,1.679264722127680329e+02,1.795847199185775267e+01,4.889839755643767383e+00,2.449012258244299574e+03
0.000000000000000000e+00,2.602486267550849774e+01,1.900998240487270436e+02,2.121114928551860856e+01,9.909971047880838935e-01,1.367546133093462004e+03
1.000000000000000000e+00,4.671657804914921286e+01,1.958856973924532383e+02,4.185065719059205946e+01,4.438633321419436228e+00,2.934401470959562175e+03
1.000000000000000000e+00,1.062865526260911686e+01,1.872810779230618436e+02,4.040642220633176862e+01,4.845648059704734223e+00,2.108077129744912781e+03
0.000000000000000000e+00,1.840865000750969571e+01,1.625988193882436690e+02,1.984495150543409281e+01,1.689476476064069477e+00,1.206349211646011327e+03
1.000000000000000000e+00,1.493541499748570445e+01,1.975078236503478593e+02,4.403192903015623472e+01,3.872137779426416238e+00,2.305646870437796224e+03
1.000000000000000000e+00,3.514469982275419824e+01,1.929780024844429249e+02,2.319836697660531755e+01,4.939677754000846299e+00,2.507627326041168089e+03
0.000000000000000000e+00,2.687363007301687645e+01,1.903505532604817176e+02,3.570092300326390955e+01,4.234739875439923473e+00,1.438438080693283382e+03
0.000000000000000000e+00,1.875358786434963676e+01,1.642322261502436618e+02,2.428575249485978205e+01,2.395739193304357695e+00,1.233681645145669108e+03
0.000000000000000000e+00,3.530385979462126045e+01,1.870335748104686218e+02,2.742092319885290408e+01,4.999643362878785524e+00,1.470109561778035868e+03
0.000000000000000000e+00,3.548131247741402206e+01,1.752172206839476587e+02,3.837151142868901843e+01,7.428276150387780330e-01,1.482198958055809726e+03
1.000000000000000000e+00,3.736932215493156662e+01,1.951036297493023426e+02,4.382451371222957448e+01,4.417771603588300344e+00,2.751879405140286053e+03
0.000000000000000000e+00,1.098744519206444004e+01,1.640417122320253611e+02,2.503066274896640664e+01,3.453715980026383914e-01,1.164845653506827148e+03
0.000000000000000000e+00,2.050875878247036965e+01,1.760586469318562877e+02,2.682797021545739113e+01,4.192938899325555191e+00,1.297422658213948580e+03
1.000000000000000000e+00,3.679354055215128483e+01,1.804450199914130906e+02,3.007415601172542452e+01,1.086242775787174430e+00,2.226059314358612028e+03
0.000000000000000000e+00,4.982095905609706676e+01,1.787822256351775536e+02,2.420809263208649753e+01,2.023086612570048626e+00,1.564272521103115423e+03
0.000000000000000000e+00,1.424832473479232675e+01,1.755376803658142251e+02,1.843664933308930642e+01,2.501158867742638403e+00,1.202128988826397745e+03
0.000000000000000000e+00,4.614383761902900716e+01,1.765438581063362449e+02,2.134069413185132191e+01,2.023232054897201149e+00,1.511174250991670078e+03
1.000000000000000000e+00,3.590025249624954284e+01,1.906365377978092113e+02,1.658408492456376138e+01,4.583365682096870231e+00,2.447462475871324386e+03
1.000000000000000000e+00,3.936299026442904392e+01,1.979024110264122669e+02,2.889419789291930130e+01,8.441032372706874787e-01,3.287859883873558829e+03
1.000000000000000000e+00,3.429707361670740795e+01,1.728717865820022723e+02,2.938510971542419625e+01,3.612589349717650222e+00,2.395091755524882501e+03
1.000000000000000000e+00,1.230118347906241993e+01,1.767172063842932062e+02,3.908469280774647814e+01,4.963108781310166862e+00,2.052542857315708261e+03
1.000000000000000000e+00,1.891627382393371448e+01,1.908023421322873503e+02,4.102827054014248631e+01,2.875411832067636730e+00,2.050881873637441913e+03
1.000000000000000000e+00,2.077927432383737738e+01,1.689385985890594668e+02,2.059723805039937261e+01,3.561547707450036793e+00,2.007423299383983476e+03
0.000000000000000000e+00,3.573911316850783493e+01,1.787646838541284069e+02,3.152934104038022056e+01,1.886038189911944496e+00,1.466146527571705064e+03
0.000000000000000000e+00,2.001178873759529608e+01,1.943862830467506342e+02,1.910728415288770421e+01,8.749671535837916236e-01,1.316467255688220803e+03
1.000000000000000000e+00,2.312350165725416673e+01,1.738336211280017096e+02,2.014558739509027063e+01,3.620751338312944156e+00,2.088541535249124536e+03
1.000000000000000000e+00,1.729125730853996856e+01,1.811993367115150306e+02,4.327810532869696658e+01,3.310713004024216755e+00,2.226582540011084802e+03
0.000000000000000000e+00,1.248287034720305755e+01,1.998840207729277552e+02,2.518819228643638652e+01,2.058559719121415554e+00,1.290392098422020581e+03
1.000000000000000000e+00,4.259825560461392513e+01,1.601480720784430787e+02,3.226519860742205736e+01,4.832510634446955500e+00,2.498288454868021290e+03
1.000000000000000000e+00,2.452554752070073008e+01,1.613440202497341716e+02,3.545716821973979194e+01,3.740125242420024421e+00,2.160017213884377725e+03
0.000000000000000000e+00,4.849341522523899783e+01,1.866109638213952735e+02,1.959127125531540869e+01,2.885825738584941735e+00,1.556475874316380441e+03
1.000000000000000000e+00,2.012255167572632431e+01,1.954096028730915009e+02,4.313678869129258686e+01,4.146014508102117802e+00,2.389864371768206638e+03
0.000000000000000000e+00,1.576874638809168871e+01,1.843744102650256877e+02,2.288717527029317367e+01,1.206512159845651855e-01,1.262647992254283736e+03
0.000000000000000000e+00,3.923360642524373532e+01,1.734604498397164605e+02,1.826743009818756747e+01,4.648223946090320524e+00,1.424826523037569814e+03
0.000000000000000000e+00,2.201824229703545655e+01,1.654838660623536839e+02,2.658252505420340484e+01,2.974368884083020692e+00,1.277472671659097159e+03
0.000000000000000000e+00,2.920089190581734684e+01,1.994638822736981183e+02,1.674299065304984069e+01,2.306697442215565275e+00,1.406581100390098300e+03
0.000000000000000000e+00,2.420818404541172342e+01,1.830502962749406777e+02,1.812322086803218468e+01,1.822940391622446255e-01,1.315701061402642381e+03
1.000000000000000000e+00,4.020355931336738564e+01,1.950534812512579492e+02,3.155533053607516791e+01,4.655735313586848889e+00,2.701975172734224088e+03
1.000000000000000000e+00,2.229473170216115818e+01,1.862313671854091979e+02,2.980022741181124601e+01,2.082043367750067375e+00,1.994961737376090923e+03
1.000000000000000000e+00,2.826722952563815738e+01,1.701660061895069873e+02,1.652388619976941087e+01,4.072357318017594263e-01,2.618435327714553750e+03
1.000000000000000000e+00,3.088591354569154390e+01,1.987765892576183262e+02,3.013832789073955354e+01,2.620974652457269904e+00,2.238702591023318746e+03
0.000000000000000000e+00,1.148117697270916615e+01,1.720815188273490435e+02,4.461575253957070686e+01,3.711093581782675344e+00,1.278527272433860389e+03
0.000000000000000000e+00,4.992336831948063036e+01,1.810530152440140341e+02,3.859050897239379196e+01,4.972350985610194840e+00,1.634098524376958721e+03
0.000000000000000000e+00,3.014703152275362186e+01,1.914557426282422341e+02,3.278279854944925376e+01,1.393960690658386792e+00,1.459431525919515934e+03
0.000000000000000000e+00,1.140337929937498629e+01,1.777623417775901657e+02,4.227820093637916443e+01,2.688773038486250933e+00,1.285370613091209862e+03
1.000000000000000000e+00,2.183856416000395839e+01,1.736841598044515820e+02,4.341835407892024534e+01,2.788393914496626103e+00,2.010477349450990687e+03
0.000000000000000000e+00,1.943577741357358946e+01,1.863679595493068746e+02,2.161074615977378954e+01,2.409792132538290499e+00,1.297076035294755684e+03
0.000000000000000000e+00,2.105675013477689106e+01,1.729839239157412294e+02,2.244223399622749682e+01,3.330421271655179982e+00,1.274073871562523436e+03
0.000000000000000000e+00,2.607407110056408683e+01,1.800275585346528260e+02,2.548564244778690835e+01,3.307064946289337559e+00,1.355155148108097137e+03
0.000000000000000000e+00,4.414845155382631958e+01,1.866313496567643142e+02,2.024664991992474228e+01,2.259556395255748917e+00,1.519383532886847888e+03
0.000000000000000000e+00,2.458876936434190696e+01,1.804329048070483452e+02,4.478641099360937972e+01,1.528070324582364137e+00,1.425740250326315618e+03
1.000000000000000000e+00,4.958725265940703508e+01,1.625720857122342125e+02,3.126332225215821126e+01,2.614197839560919334e+00,2.353142184101610383e+03
1.000000000000000000e+00,2.396680710620952937e+01,1.804235459349086454e+02,4.366019395426393146e+01,3.391580859163079165e+00,2.362837578937614126e+03
0.000000000000000000e+00,2.501328918732280471e+01,1.797548693310016290e+02,2.657830638541810231e+01,2.540910155212412036e+00,1.349249072906772653e+03
1.000000000000000000e+00,3.631764485520884023e+01,1.946946021179831519e+02,2.973930428956126804e+01,2.745043811481040485e-01,3.190222674785571598e+03
0.000000000000000000e+00,3.268181470703864022e+01,1.636206136375952838e+02,2.041753699976730729e+01,2.030857095243398192e+00,1.343292006680300346e+03
1.000000000000000000e+00,1.480931018882201577e+01,1.975339631540653045e+02,4.369959596027818804e+01,1.783542556288099767e+00,2.040576280384556867e+03
0.000000000000000000e+00,3.564883931707014852e+01,1.660803687223862823e+02,2.820474330273536268e+01,2.835297392928779026e+00,1.411698860958204932e+03
1.000000000000000000e+00,3.963260522852492329e+01,1.676515278486213560e+02,3.548225710739046690e+01,9.962218508534692596e-01,3.090184907570710038e+03
0.000000000000000000e+00,4.384255508723784089e+01,1.841267903561769117e+02,4.144478717736942741e+01,2.718493541240252220e+00,1.599957141769425107e+03
1.000000000000000000e+00,4.311043768382343444e+01,1.994674522074039658e+02,1.619671924986003830e+01,3.409450887396290764e+00,2.659497649688612000e+03
0.000000000000000000e+00,1.862280442085093668e+01,1.700899306941134341e+02,2.551938802566313313e+01,2.252763610830517571e+00,1.255941954333931790e+03
0.000000000000000000e+00,4.725751995824920471e+01,1.770009604451686300e+02,3.306883272936845231e+01,4.309592833185569738e+00,1.573268141732199865e+03
1.000000000000000000e+00,4.284608801133925482e+01,1.626235615388415567e+02,3.903884875859869652e+01,1.406053381735263841e+00,2.290216654910797388e+03
1.000000000000000000e+00,4.216895852954192492e+01,1.739804201551654046e+02,2.341115914507091489e+01,4.421750214969273785e+00,2.514059185659717969e+03
1.000000000000000000e+00,4.273270984256148353e+01,1.886171026953372234e+02,1.978721249183704600e+01,1.664832686295527608e+00,2.308800334543193912e+03
0.000000000000000000e+00,1.747668386844457800e+01,1.751939848731264817e+02,3.022565565127032272e+01,3.204967096963693418e+00,1.281457163996844884e+03
0.000000000000000000e+00,4.085007768437607467e+01,1.768855230246834367e+02,3.278116108674446139e+01,3.254376234431168857e+00,1.512724828745779860e+03
1.000000000000000000e+00,2.370934421431660866e+01,1.998879187548080267e+02,2.605295751603875942e+01,1.382512779562091065e+00,2.081789985462470213e+03
0.000000000000000000e+00,3.236004753939278800e+01,1.952986964484126986e+02,2.958861265649719030e+01,3.081769210241768864e+00,1.477969430775430965e+03
1.000000000000000000e+00,4.088487671115241540e+01,1.910526666239111933e+02,2.722229515392917065e+01,2.214444647220177753e+00,2.349101191389717314e+03
1.000000000000000000e+00,4.749680122868306142e+01,1.632729131129541997e+02,1.791471445497250414e+01,2.583157131354230085e-01,3.060217884419764687e+03
0.000000000000000000e+00,2.700394340837257801e+01,1.747024125333576308e+02,4.285293075100652516e+01,3.232480862721922144e+00,1.421881360439764649e+03
1.000000000000000000e+00,4.558171805429227419e+01,1.784307794727235148e+02,2.481736130658365269e+01,4.739986926763971375e+00,2.630476670408380414e+03
0.000000000000000000e+00,3.348618522158879784e+01,1.882707548445721102e+02,3.511120093256786845e+01,6.778812787523263994e-01,1.490290408066832242e+03
1.000000000000000000e+00,1.363427959066635253e+01,1.853121685780821792e+02,4.364027172128274401e+01,2.013051371042266613e+00,1.937797543688923270e+03
0.000000000000000000e+00,4.441708067181475172e+01,1.682481646160542539e+02,4.201807555157256502e+01,4.610966889468645746e+00,1.558484177362225864e+03
1.000000000000000000e+00,2.715785152550148851e+01,1.846133096840593453e+02,1.967585601308143595e+01,2.117448935808075028e+00,1.994535779774682624e+03
0.000000000000000000e+00,3.835591370374962850e+01,1.927417584901818088e+02,3.015093346210448289e+01,3.837026787310913623e+00,1.527622871281109383e+03
0.000000000000000000e+00,4.540269663652429699e+01,1.606217688437351399e+02,1.821312287530002294e+01,4.146576871044736379e+00,1.441548720835392487e+03
1.000000000000000000e+00,2.299199097601724873e+01,1.839567528730610206e+02,2.961407284060566525e+01,4.474678996173098167e-01,2.751666085315474902e+03
1.000000000000000000e+00,1.380456218785835354e+01,1.659723306179992903e+02,4.118588504762314528e+01,4.443577141381206630e+00,2.022390190835483509e+03
0.000000000000000000e+00,4.307569598556574419e+01,1.678606408637167533e+02,2.190532705521557233e+01,4.813334821146357356e+00,1.458457296082153789e+03
1.000000000000000000e+00,4.395640872321876458e+01,1.852910821483173436e+02,3.039679174579194409e+01,3.450512921429308655e+00,2.697053915438806598e+03
0.000000000000000000e+00,4.214854652043106142e+01,1.602633908681548576e+02,2.612127707027320866e+01,1.669365592656232300e+00,1.444504631081420712e+03
0.000000000000000000e+00,4.608584316446916773e+01,1.834990143832362435e+02,1.738101538936791357e+01,2.951649270723223140e+00,1.515175067875430614e+03
0.000000000000000000e+00,2.508947560833697210e+01,1.987729705762604908e+02,2.613438632955574192e+01,2.993998945608946638e+00,1.406997245600197402e+03
1.000000000000000000e+00,1.126980321970452614e+01,1.937216735652938837e+02,3.839864304730847522e+01,3.100708722795623373e+00,2.151573075522020190e+03
1.000000000000000000e+00,1.189180719219865878e+01,1.856843434416605305e+02,4.110799572390504153e+01,3.929573796446424350e+00,2.128631492808621715e+03
0.000000000000000000e+00,1.321275251717883847e+01,1.727620979719266927e+02,4.139149844707543480e+01,1.942548893291365930e+00,1.282703270193442449e+03
0.000000000000000000e+00,3.194089747337020313e+01,1.878143488782481256e+02,3.600893616844324896e+01,3.468303121381521859e+00,1.478519163801880950e+03
1.000000000000000000e+00,2.249081297434162963e+01,1.992637196514711775e+02,2.712204912099618426e+01,5.581444369812049722e-01,2.851517013528543430e+03
0.000000000000000000e+00,3.436680326543968533e+01,1.915431931445166640e+02,2.511674498257049493e+01,2.813530994837629695e+00,1.465560492215099885e+03
0.000000000000000000e+00,2.533053986602967100e+01,1.864883305231221584e+02,3.728108442169728676e+01,5.557543178581664245e-01,1.419063454402450134e+03
0.000000000000000000e+00,2.257391735453907700e+01,1.817047296599365040e+02,1.968286527804574249e+01,1.121618784141406699e+00,1.303201022303159334e+03
0.000000000000000000e+00,2.856411476909536162e+01,1.771864164281055025e+02,2.968341539153168540e+01,1.877162253621486698e+00,1.387306432986390519e+03
1.000000000000000000e+00,4.664191303668228983e+01,1.834550306998557403e+02,3.651561408981059742e+01,1.655348038917139331e+00,2.477866575748809282e+03
0.000000000000000000e+00,4.782816228262122138e+01,1.703153586844943561e+02,2.055634129640105812e+01,1.172193353939208205e+00,1.503988972496572387e+03
1.000000000000000000e+00,4.924103496861639684e+01,1.995937601220412603e+02,3.327940429259506772e+01,2.801577633624821040e+00,2.606907217245443462e+03
0.000000000000000000e+00,2.957500982102424558e+01,1.944329933979764746e+02,3.674792780232844791e+01,8.479453982792378719e-01,1.480448459437162683e+03
0.000000000000000000e+00,4.883720817196086728e+01,1.760477463865548202e+02,3.217560917791964670e+01,3.514682430618681241e+00,1.581005448445414459e+03
0.000000000000000000e+00,2.620885752851668116e+01,1.611691367178871701e+02,3.087056483663916850e+01,7.054733301874344109e-01,1.321089241885352067e+03
0.000000000000000000e+00,3.113586347272089228e+01,1.613375938361663771e+02,3.972298373722786380e+01,2.020753449242307376e-01,1.405005314911227742e+03
1.000000000000000000e+00,1.596289951782844163e+01,1.906422445659108291e+02,2.878058494905205222e+01,1.777335286271246151e+00,1.899418072289196061e+03
1.000000000000000000e+00,4.170615525678760349e+01,1.650932088282146708e+02,4.284644694427088041e+01,4.947097619941974500e+00,2.610036677118029274e+03
0.000000000000000000e+00,1.324061671797201001e+01,1.753897250547968270e+02,2.679564920156203556e+01,2.073973027323620766e+00,1.228343113041929428e+03
0.000000000000000000e+00,2.472768047372884226e+01,1.795566281871040246e+02,2.803399429477715188e+01,9.386454865710136541e-01,1.352266383205869715e+03
1.000000000000000000e+00,1.080261462291914754e+01,1.719010815988267211e+02,3.892572268035347349e+01,1.278088427112463066e+00,1.760160664486812038e+03
0.000000000000000000e+00,2.589630435822968479e+01,1.717175774205140897e+02,2.705665133789217691e+01,3.258830458138127995e+00,1.334514090852243044e+03
0.000000000000000000e+00,2.979889969800318994e+01,1.745020257331900950e+02,1.768765694032186175e+01,3.601472107908588960e+00,1.338763081837902519e+03
0.000000000000000000e+00,4.583655131829718243e+01,1.880790287242267880e+02,2.450647594493410608e+01,3.692698477117157374e+00,1.557719107736653768e+03
0.000000000000000000e+00,4.523341458966834239e+01,1.711669412745853833e+02,3.523817393616329952e+01,2.680598499820103342e+00,1.545889080101665513e+03
0.000000000000000000e+00,2.138988317529294747e+01,1.771346965327343526e+02,1.819439057518912151e+01,4.234800791957505695e+00,1.271740363937484744e+03
0.000000000000000000e+00,1.277640726646959735e+01,1.896861557287570008e+02,3.018417764346700238e+01,2.350366582917165381e+00,1.282961993477575106e+03
0.000000000000000000e+00,2.281198770519166530e+01,1.759996745350761955e+02,3.257238874772812665e+01,1.628211233389855739e+00,1.343130549561730504e+03
0.000000000000000000e+00,4.113989096278172042e+01,1.774359882478954944e+02,2.280852670432033591e+01,4.241060835086106984e+00,1.474215225254645247e+03
1.000000000000000000e+00,1.159397540357925394e+01,1.960805922193456468e+02,1.876740937778961182e+01,3.199825183896912506e+00,2.002414537097043876e+03
0.000000000000000000e+00,4.224840690052451464e+01,1.747199820091353786e+02,4.318945930158592716e+01,9.809962538598226978e-02,1.563631962709964455e+03
1.000000000000000000e+00,3.455895025163631118e+01,1.889157486835746909e+02,2.570356142533110244e+01,3.224636118329613499e+00,2.487371532125082467e+03
1.000000000000000000e+00,1.625336621564657946e+01,1.940379179797367897e+02,2.495756062244706186e+01,1.437878503105457506e+00,1.897218412567979613e+03
1.000000000000000000e+00,1.290514508230817370e+01,1.672321402977241860e+02,3.978344468735814132e+01,2.036133841329049510e+00,1.774807171843677224e+03
0.000000000000000000e+00,3.352935718681386845e+01,1.731549016717819995e+02,3.126158036812931584e+01,8.358695504715790703e-01,1.427275076884167902e+03
1.000000000000000000e+00,3.547925938436873849e+01,1.851895126629129891e+02,4.411598005562089497e+01,4.664491850333884138e+00,2.641436875416822204e+03
0.000000000000000000e+00,3.329171850627740525e+01,1.720256425913700014e+02,3.008606589036203616e+01,2.047530002109969161e+00,1.416533385619555929e+03
1.000000000000000000e+00,1.516073565884279439e+01,1.617632738942522224e+02,3.039678921580515691e+01,3.309286988576663369e+00,1.923920870129040168e+03
1.000000000000000000e+00,1.273837098107459909e+01,1.881357788694159865e+02,2.361144152137002195e+01,2.599306966598585067e+00,1.782950298788182636e+03
1.000000000000000000e+00,1.555001514581669042e+01,1.631687739163992603e+02,2.584056525761608469e+01,4.501847598652025439e+00,1.902208886567661466e+03
1.000000000000000000e+00,2.444830290675572471e+01,1.898727460516798544e+02,3.868954322777091193e+01,1.393223818140810755e+00,2.128344400045715702e+03
0.000000000000000000e+00,2.313048941691811322e+01,1.757927551306758573e+02,2.444550490449257651e+01,3.976303236996117541e+00,1.310473714630059931e+03
1.000000000000000000e+00,1.368161962899658413e+01,1.669508523485516776e+02,3.897671499478941826e+01,3.936574417133553716e-01,2.460927632566613738e+03
0.000000000000000000e+00,2.413959504220731844e+01,1.853832529146517345e+02,4.328103513006204395e+01,9.951796354887071372e-01,1.430480809482994573e+03
1.000000000000000000e+00,3.200923894423222293e+01,1.719036062527122226e+02,3.798141842697819470e+01,1.090361035070488427e+00,2.143508395736821058e+03
0.000000000000000000e+00,1.901850686392393186e+01,1.963654928886908237e+02,2.689469003595983665e+01,4.276653482091502312e+00,1.346950458257669197e+03
1.000000000000000000e+00,3.545654716269735474e+01,1.873589719810564134e+02,3.089550057163027930e+01,2.051209040210111745e+00,2.253494582277823156e+03
1.000000000000000000e+00,4.258137994914265079e+01,1.835385775446299021e+02,3.720701517559103877e+01,4.729094031340048687e+00,2.715624257552086419e+03
0.000000000000000000e+00,2.724512902232244826e+01,1.875742052903094645e+02,2.543070679360921105e+01,4.275828092709616612e+00,1.389087262617845681e+03
1.000000000000000000e+00,4.732912222739801678e+01,1.737207695568655481e+02,3.831643666320076846e+01,1.236152578344407615e+00,2.440396228462956969e+03
1.000000000000000000e+00,4.173282495494068911e+01,1.993112337522273947e+02,3.911573341041516017e+01,2.160205513913211917e+00,2.512446003163611749e+03
0.000000000000000000e+00,2.504150696666006581e+01,1.623193785503106028e+02,4.143346627948970706e+01,1.448975127202182911e+00,1.359335842601041122e+03
1.000000000000000000e+00,1.244614190794121278e+01,1.974451724199579985e+02,3.760842963467190714e+01,2.343683541889158839e+00,1.948709369887280900e+03
0.000000000000000000e+00,4.355596706481308900e+01,1.818762276532436033e+02,4.116160240843993279e+01,4.717395938395491761e+00,1.589126093077627274e+03
0.000000000000000000e+00,3.700311892510612211e+01,1.905107454293976730e+02,4.108454568756110348e+01,1.141692644259660883e+00,1.555275551398621928e+03
0.000000000000000000e+00,4.034822806857432909e+01,1.728611684856884949e+02,2.694676995312572387e+01,3.647906209640909392e+00,1.470544431334958745e+03
1.000000000000000000e+00,2.609110595573324787e+01,1.611087083845561949e+02,2.227919122891998427e+01,2.667230568552825254e+00,1.840154263829116189e+03
1.000000000000000000e+00,3.816234887144844379e+01,1.799810629730320102e+02,3.646009307016836942e+01,1.828374221732964156e+00,2.298267273015893807e+03
1.000000000000000000e+00,1.069362035169893232e+01,1.827719677987589648e+02,1.662155096031143486e+01,2.274583600095984259e+00,1.655091348103303062e+03
0.000000000000000000e+00,2.219173755046845642e+01,1.622170923987028459e+02,3.018304707152734068e+01,9.143889170160668378e-01,1.284424074307856245e+03
0.000000000000000000e+00,1.402247368694705543e+01,1.865398021158194126e+02,2.493017291917752232e+01,1.694810381453756287e+00,1.262079888031416658e+03
1.000000000000000000e+00,2.837958260436415259e+01,1.658055038548478990e+02,4.374373595460380670e+01,5.674942160048690454e-01,2.876319028651682856e+03
1.000000000000000000e+00,2.421600898133490176e+01,1.602468247110629136e+02,2.184686889944348565e+01,1.393551635491657725e+00,1.796528843573498762e+03
0.000000000000000000e+00,2.723791037759798428e+01,1.767637121603908668e+02,2.046532303773073735e+01,2.606026221285119071e+00,1.334157172233355141e+03
1.000000000000000000e+00,1.277016275854646388e+01,1.731461819249666974e+02,2.243839321949550936e+01,2.204946965307685858e+00,1.675410956388795057e+03
1.000000000000000000e+00,3.960391811620988278e+01,1.988863432127458282e+02,1.911904056108127392e+01,1.480096479739176907e+00,2.313692536892764110e+03
1.000000000000000000e+00,2.288434644626698145e+01,1.866791211377458239e+02,4.020977569398999663e+01,1.994136720199459312e+00,2.090365399783238445e+03
0.000000000000000000e+00,2.568167865289517238e+01,1.888310715198276455e+02,4.216831616479935008e+01,4.539364635925672076e+00,1.450571524826738596e+03
0.000000000000000000e+00,2.289254262659078165e+01,1.964035684684516241e+02,2.492949592186186436e+01,1.860299775121094346e+00,1.374259286880841501e+03
1.000000000000000000e+00,1.548864545787595048e+01,1.881860204877803540e+02,2.511877052499822938e+01,2.073101800550118057e+00,1.845769391770388438e+03
0.000000000000000000e+00,3.204203131146937267e+01,1.647625916137767490e+02,2.414340698479346514e+01,4.980732575691134478e+00,1.356967372102837999e+03
0.000000000000000000e+00,4.954725736927797897e+01,1.699617127135463761e+02,2.206365280688865838e+01,1.956940426730856553e+00,1.525189784278972411e+03
0.000000000000000000e+00,3.365156786146603451e+01,1.775341372412827354e+02,4.085913779809142454e+01,2.666055688902371656e+00,1.483244542305257028e+03
0.000000000000000000e+00,4.546458054161499263e+01,1.636904812964000939e+02,2.854776169368193806e+01,2.199209571754255244e+00,1.496070008284530559e+03
0.000000000000000000e+00,1.808306119873678597e+01,1.832947105314946157e+02,2.811563933318748099e+01,1.286144402252044072e+00,1.303075014808717924e+03
